{
  "GluGluHToWWToLNuQQ": 0.9913,
  "QCD_HT50to100": 2.486e+08,
  "QCD_HT100to200": 27990000.0,
  "QCD_HT200to300": 9999999.0,
  "QCD_HT300to500": 322600.0,
  "QCD_HT500to700": 29980.0,
  "QCD_HT700to1000": 6334.0,
  "QCD_HT1000to1500": 1088.0,
  "QCD_HT1500to2000": 99.11,
  "QCD_HT2000toInf": 20.23,
  "TTToHadronic": 377.96,
  "TTToSemiLeptonic": 365.34,
  "TTTo2L2Nu": 88.29,
  "TT_Mtt-1000toInf": 76.61,
  "TT_Mtt-700to1000": 20.58,
  "DYJetsToLL_Pt-50To100": 398.8,
  "DYJetsToLL_Pt-100To250": 93.61,
  "DYJetsToLL_Pt-250To400": 3.67,
  "DYJetsToLL_Pt-400To650": 0.5,
  "DYJetsToLL_Pt-650ToInf": 0.04704,
  "ST_t-channel_eleDecays": 24.78,
  "ST_t-channel_muDecays": 24.73,
  "ST_t-channel_antitop_5f_InclusiveDecays": 71.74,
  "ST_s-channel_4f_leptonDecays": 3.36,
  "ST_t-channel_4f_leptonDecays": 70.69,
  "ST_t-channel_4f_scaledown_leptonDecays": 70.69,
  "ST_t-channel_4f_scaleup_leptonDecays": 70.69,
  "ST_t-channel_5f_leptonDecays": 70.69,
  "ST_t-channel_antitop_4f_leptonDecays": "81.42 * 0.324",
  "ST_t-channel_antitop_4f_InclusiveDecays": 26.2278,
  "ST_t-channel_top_4f_leptonDecays": "136.82 * 0.324",
  "ST_t-channel_top_4f_inclusiveDecays": 44.07,
  "ST_tW_antitop_5f_DS_inclusiveDecays": 35.6,
  "ST_tW_antitop_5f_inclusiveDecays": 35.6,
  "ST_tW_top_5f_DS_inclusiveDecays": 35.6,
  "ST_tW_top_5f_inclusiveDecays": 35.6,
  "ST_tW_antitop_5f_NoFullyHadronicDecays": "35.85 * 0.546",
  "ST_tW_top_5f_NoFullyHadronicDecays": "35.85 * 0.546",
  "WJetsToLNu_HT-70To100": 999999.0,
  "WJetsToLNu_HT-100To200": 1343,
  "WJetsToLNu_HT-200To400": 359.6,
  "WJetsToLNu_HT-400To600": 48.85,
  "WJetsToLNu_HT-600To800": 12.05,
  "WJetsToLNu_HT-800To1200": 5.501,
  "WJetsToLNu_HT-1200To2500": 1.329,
  "WJetsToLNu_HT-2500ToInf": 0.03216,
  "WJetsToLNu_HT-600ToInf": "18.77 * 1.21",
  "WJetsToQQ_HT-400to600": 315.6,
  "WJetsToQQ_HT-600to800": 68.57,
  "WJetsToQQ_HT-800toInf": 34.9,
  "ZJetsToQQ_HT-400to600": 145.4,
  "ZJetsToQQ_HT-600to800": 34.0,
  "ZJetsToQQ_HT-800toInf": 18.67,
  "WW": 75.82,
  "WZ": 27.6,
  "ZZ": 12.4,
  "HHToBBVVToBBQQQQ_cHHH1": "31.05e-3 * 0.5807 * (0.2154 * 0.676 ** 2 + 0.02643 * 0.692 ** 2) * 2"
}
