{
    "HZJ_HToWW_M-125": 0.20504515,
    "GluGluHToWW_Pt-200ToInf_M-125": 0.10078092000000001,
    "GluGluHToWWToLNuQQ": 4.498172726490241,
    "VBFHToWWToLNuQQ-MH125": 0.350187098632896,
    "VBFHToWWToLNuQQ_M-125_withDipoleRecoil": 0.350187098632896,
    "VBFHToWWToAny_M-125_TuneCP5_withDipoleRecoil": 0.8082134,
    "ttHToNonbb_M125": 0.21009483,
    "HWminusJ_HToWW_M-125": 0.11635965,
    "HWplusJ_HToWW_M-125": 0.1863464,
    "GluGluZH_HToWW_ZTo2L_M-125": 0.00263900698674,
    "QCD_HT500to700": 30330.0,
    "QCD_HT700to1000": 6412.0,
    "QCD_HT1000to1500": 1118.0,
    "QCD_HT1500to2000": 108.5,
    "QCD_HT2000toInf": 21.94,
    "QCD_Pt_120to170": 407400.0,
    "QCD_Pt_170to300": 103500.0,
    "QCD_Pt_300to470": 6833.0,
    "QCD_Pt_470to600": 549.5,
    "QCD_Pt_600to800": 156.5,
    "QCD_Pt_800to1000": 26.22,
    "QCD_Pt_1000to1400": 7.475,
    "QCD_Pt_1400to1800": 0.6482,
    "QCD_Pt_1800to2400": 0.08742,
    "QCD_Pt_2400to3200": 0.005237,
    "QCD_Pt_3200toInf": 0.0001353,
    "TTTo2L2Nu": 76.19183189999998,
    "TTToHadronic": 305.6832319,
    "TTToSemiLeptonic": 305.2249362,
    "ST_s-channel_4f_hadronicDecays": 2.3671830000000003,
    "ST_s-channel_4f_leptonDecays": 1.181817,
    "ST_t-channel_antitop_4f_InclusiveDecays": 67.93,
    "ST_t-channel_antitop_5f_InclusiveDecays": 71.74,
    "ST_t-channel_top_4f_InclusiveDecays": 113.4,
    "ST_t-channel_top_5f_InclusiveDecays": 119.7,
    "ST_tW_antitop_5f_inclusiveDecays": 32.51,
    "ST_tW_antitop_5f_NoFullyHadronicDecays": 10.825829999999998,
    "ST_tW_top_5f_inclusiveDecays": 32.45,
    "ST_tW_top_5f_NoFullyHadronicDecays": 10.80585,
    "WJetsToQQ_HT-200to400": 2549.0,
    "WJetsToQQ_HT-400to600": 277.0,
    "WJetsToQQ_HT-600to800": 59.06,
    "WJetsToQQ_HT-800toInf": 28.75,
    "WJetsToLNu_HT-70To100": 1270.0,
    "WJetsToLNu_HT-100To200": 1252.0,
    "WJetsToLNu_HT-200To400": 336.5,
    "WJetsToLNu_HT-400To600": 45.12,
    "WJetsToLNu_HT-600To800": 10.99,
    "WJetsToLNu_HT-800To1200": 4.938,
    "WJetsToLNu_HT-1200To2500": 1.155,
    "WJetsToLNu_HT-2500ToInf": 0.02625,
    "ZJetsToQQ_HT-200to400": 1012.0,
    "ZJetsToQQ_HT-400to600": 114.5,
    "ZJetsToQQ_HT-600to800": 25.41,
    "ZJetsToQQ_HT-800toInf": 12.91,
    "DYJetsToLL_M-10to50": 14703.300000000001,
    "DYJetsToLL_M-50_HT-70to100": 136.245,
    "DYJetsToLL_M-50_HT-100to200": 149.544,
    "DYJetsToLL_M-50_HT-200to400": 45.2259,
    "DYJetsToLL_M-50_HT-400to600": 6.49326,
    "DYJetsToLL_M-50_HT-600to800": 1.63308,
    "DYJetsToLL_M-50_HT-800to1200": 0.752742,
    "DYJetsToLL_M-50_HT-1200to2500": 0.179583,
    "DYJetsToLL_M-50_HT-2500toInf": 0.0032670900000000003,
    "DYJetsToLL_Pt-50To100": 394.1,
    "DYJetsToLL_Pt-100To250": 94.42,
    "DYJetsToLL_Pt-250To400": 3.651,
    "DYJetsToLL_Pt-400To650": 0.4986,
    "DYJetsToLL_Pt-650ToInf": 0.04678,
    "WW": 75.83,
    "WZ": 27.56,
    "ZZ": 12.14,
    "WWTo1L1Nu2Q_NLO": 50.9,
    "WWTo4Q_NLO": 51.57,
    "WZTo1L1Nu2Q_NLO": 9.152,
    "WZTo2Q2L_NLO": 6.422,
    "ZZTo2Q2L_NLO": 3.705,
    "ZZTo2Q2Nu_NLO": 4.498,
    "ZZTo4Q_NLO": 3.295,
    "EWKZ_ZToQQ": 9.791,
    "EWKZ_ZToLL": 6.207,
    "EWKZ_ZToNuNu": 10.65,
    "EWKWminus_WToQQ": 19.17,
    "EWKWplus_WToQQ": 28.74,
    "EWKWminus_WToLNu": 32.08,
    "EWKWplus_WToLNu": 39.09,
    "GluGluHToBB": 0.27395244,
    "VBFHToBB": 2.2498257,
    "VBFHToBBDipoleRecoilOn": 2.2498257,
    "WminusH_HToBB_WToQQ": 0.21348075,
    "WplusH_HToBB_WToQQ": 0.34215009999999996,
    "WminusH_HToBB_WToLNu": 0.10281929999999999,
    "WplusH_HToBB_WToLNu": 0.16451088,
    "ZH_HToBB_ZToQQ": 0.32600108,
    "ZH_HToBB_ZToLL": 0.04633839299999999,
    "ZH_HToBB_ZToNuNu": 0.09137556999999999,
    "ggZH_HToBB_ZToNuNu": 0.007098597999999999,
    "ggZH_HToBB_ZToQQ": 0.025089070999999998,
    "ggZH_HToBB_ZToLL": 0.0035928665,
    "ttHToBB": 0.29120516999999996,
    "GluGluHToTauTau": 3.016818,
    "VBFHToTauTau": 0.23411700000000002,
    "WminusHToTauTau": 0.032739120000000003,
    "WplusHToTauTau": 0.05173551,
    "ZHToTauTau": 0.04684824,
    "ttHToTauTau": 0.03125493
}
